,SalePrice,GarageArea,LotArea,TotalBsmtSF,GrLivArea,2ndFlrSF,1stFlrSF
0,208500,548,8450,856,1710,854,856
1,181500,460,9600,1262,1262,0,1262
2,223500,608,11250,920,1786,866,920
3,140000,642,9550,756,1717,756,961
4,250000,836,14260,1145,2198,1053,1145
5,143000,480,14115,796,1362,566,796
6,307000,636,10084,1686,1694,0,1694
7,200000,484,10382,1107,2090,983,1107
8,129900,468,6120,952,1774,752,1022
9,118000,205,7420,991,1077,0,1077
10,129500,384,11200,1040,1040,0,1040
11,345000,736,11924,1175,2324,1142,1182
12,144000,352,12968,912,912,0,912
13,279500,840,10652,1494,1494,0,1494
14,157000,352,10920,1253,1253,0,1253
15,132000,576,6120,832,854,0,854
16,149000,480,11241,1004,1004,0,1004
17,90000,516,10791,0,1296,0,1296
18,159000,576,13695,1114,1114,0,1114
19,139000,294,7560,1029,1339,0,1339
20,325300,853,14215,1158,2376,1218,1158
21,139400,280,7449,637,1108,0,1108
22,230000,534,9742,1777,1795,0,1795
23,129900,572,4224,1040,1060,0,1060
24,154000,270,8246,1060,1060,0,1060
25,256300,890,14230,1566,1600,0,1600
26,134800,576,7200,900,900,0,900
27,306000,772,11478,1704,1704,0,1704
28,207500,319,16321,1484,1600,0,1600
29,68500,240,6324,520,520,0,520
30,40000,250,8500,649,1317,668,649
31,149350,271,8544,1228,1228,0,1228
32,179900,484,11049,1234,1234,0,1234
33,165500,447,10552,1398,1700,0,1700
34,277500,556,7313,1561,1561,0,1561
35,309000,691,13418,1117,2452,1320,1132
36,145000,672,10859,1097,1097,0,1097
37,153000,498,8532,1297,1297,0,1297
38,109000,246,7922,1057,1057,0,1057
39,82000,0,6040,0,1152,0,1152
40,160000,440,8658,1088,1324,0,1324
41,170000,308,16905,1350,1328,0,1328
42,144000,504,9180,840,884,0,884
43,130250,308,9200,938,938,0,938
44,141000,300,7945,1150,1150,0,1150
45,319900,576,7658,1752,1752,0,1752
46,239686,670,12822,1434,2149,631,1518
47,249700,826,11096,1656,1656,0,1656
48,113000,0,4456,736,1452,716,736
49,127000,386,7742,955,955,0,955
50,177000,388,13869,794,1470,676,794
51,114500,528,6240,816,1176,0,816
52,110000,516,8472,816,816,0,816
53,385000,894,50271,1842,1842,0,1842
54,130000,572,7134,384,1360,0,1360
55,180500,576,10175,1425,1425,0,1425
56,172500,480,2645,970,1739,756,983
57,196500,565,11645,860,1720,860,860
58,438780,641,13682,1410,2945,1519,1426
59,124900,352,7200,780,780,0,780
60,158000,576,13072,1158,1158,0,1158
61,101000,288,7200,530,1111,530,581
62,202500,484,6442,1370,1370,0,1370
63,140000,480,10300,576,1710,808,902
64,219500,645,9375,1057,2034,977,1057
65,317000,852,9591,1143,2473,1330,1143
66,180000,576,19900,1947,2207,0,2207
67,226000,558,10665,1453,1479,0,1479
68,80000,220,4608,747,747,0,747
69,225000,667,15593,1304,2287,983,1304
70,244000,516,13651,2223,2223,0,2223
71,129500,360,7599,845,845,0,845
72,185000,427,10141,832,1718,833,885
73,144900,490,10200,1086,1086,0,1086
74,107400,379,5790,840,1605,765,840
75,91000,297,1596,462,988,462,526
76,135750,283,8475,952,952,0,952
77,127000,240,8635,672,1285,213,1072
78,136500,0,10778,1768,1768,0,1768
79,110000,440,10440,440,1230,548,682
80,193500,509,13000,896,2142,960,1182
81,153500,405,4500,1237,1337,0,1337
82,245000,758,10206,1563,1563,0,1563
83,126500,461,8892,1065,1065,0,1065
84,168500,400,8530,384,1474,670,804
85,260000,462,16059,1288,2417,1116,1301
86,174000,400,11911,684,1560,876,684
87,164500,528,3951,612,1224,612,612
88,85000,0,8470,1013,1526,0,1013
89,123600,0,8070,990,990,0,990
90,109900,420,7200,0,1040,0,1040
91,98600,480,8500,1235,1235,0,1235
92,163500,432,13360,876,964,0,964
93,133900,506,7200,1214,2291,1031,1260
94,204750,684,9337,824,1786,881,905
95,185000,420,9765,680,1470,790,680
96,214000,472,10264,1588,1588,0,1588
97,94750,432,10921,960,960,0,960
98,83000,366,10625,458,835,0,835
99,128950,0,9320,950,1225,0,1225
100,205000,480,10603,1610,1610,0,1610
101,178000,476,9206,741,1732,755,977
102,118964,410,7018,0,1535,0,1535
103,198900,740,10402,1226,1226,0,1226
104,169500,240,7758,1040,1818,592,1226
105,250000,648,9375,1053,1992,939,1053
106,100000,273,10800,641,1047,0,1047
107,115000,250,6000,789,789,0,789
108,115000,0,8500,793,1517,520,997
109,190000,546,11751,1844,1844,0,1844
110,136900,325,9525,994,1855,639,1216
111,180000,400,7750,384,1430,656,774
112,383970,792,9965,1264,2696,1414,1282
113,217000,450,21000,1809,2259,0,2259
114,259500,180,7259,1028,2320,884,1436
115,176000,440,3230,729,1458,729,729
116,139000,288,11616,1092,1092,0,1092
117,155000,430,8536,1125,1125,0,1125
118,320000,594,12376,1673,3222,1523,1699
119,163990,390,8461,728,1456,728,728
120,180000,540,21453,938,988,0,988
121,100000,264,6060,732,1123,351,772
122,136000,288,9464,1080,1080,0,1080
123,153900,530,7892,1199,1199,0,1199
124,181000,435,17043,1362,1586,0,1586
125,84500,0,6780,520,754,0,520
126,128000,440,4928,1078,958,0,958
127,87000,0,4388,672,840,0,840
128,155000,453,7590,660,1348,688,660
129,150000,750,8973,1008,1053,0,1053
130,226000,487,14200,924,2157,941,1216
131,244000,390,12224,992,2054,1032,1022
132,150750,624,7388,1063,1327,0,1327
133,220000,471,6853,1267,1296,0,1296
134,180000,440,10335,1461,1721,0,1721
135,174000,530,10400,1304,1682,0,1682
136,143000,318,10355,1214,1214,0,1214
137,171000,766,11070,1907,1959,0,1959
138,230000,660,9066,1004,1852,848,1004
139,231500,470,15426,928,1764,836,928
140,115000,0,10500,864,864,0,864
141,260000,660,11645,1734,1734,0,1734
142,166000,720,8520,910,1385,475,910
143,204000,577,10335,1490,1501,0,1501
144,125000,504,9100,1728,1728,0,1728
145,130000,380,2522,970,1709,739,970
146,105000,180,6120,715,875,0,875
147,222500,434,9505,884,2035,1151,884
148,141000,0,7500,1080,1080,0,1080
149,115000,240,6240,896,1344,448,896
150,122000,440,10356,969,969,0,969
151,372402,866,13891,1710,1710,0,1710
152,190000,495,14803,825,1993,896,1097
153,235000,564,13500,1602,1252,0,1252
154,125000,312,11340,1200,1200,0,1200
155,79000,0,9600,572,1096,524,572
156,109500,625,7200,0,1040,0,1040
157,269500,680,12003,774,1968,1194,774
158,254900,678,12552,991,1947,956,991
159,320000,576,19378,1392,2462,1070,1392
160,162500,516,11120,1232,1232,0,1232
161,412500,726,13688,1572,2668,1096,1572
162,220000,532,12182,1541,1541,0,1541
163,103200,0,5500,882,882,0,882
164,152000,216,5400,1149,1616,467,1149
165,127500,0,10106,644,1355,547,808
166,190000,303,10708,1617,1867,0,1867
167,325624,789,10562,1582,2161,551,1610
168,183500,440,8244,840,1720,880,840
169,228000,511,16669,1686,1707,0,1707
170,128500,660,12358,720,1382,0,854
171,215000,528,31770,1080,1656,0,1656
172,239000,504,5306,1064,1767,703,1064
173,163000,504,10197,1362,1362,0,1362
174,184000,616,12416,1606,1651,0,1651
175,243000,576,12615,1202,2158,0,2158
176,211000,521,10029,1151,2060,896,1164
177,172500,451,13650,1052,1920,668,1252
178,501837,1166,17423,2216,2234,0,2234
179,100000,480,8520,968,968,0,968
180,177000,440,2117,756,1525,756,769
181,200100,216,7588,793,1802,901,901
182,120000,252,9060,0,1340,0,1340
183,200000,484,11426,1362,2082,720,1362
184,127000,576,7438,504,1252,316,936
185,475000,840,22950,1107,3608,1518,1518
186,173000,497,9947,1188,1217,0,1217
187,135000,180,10410,660,1656,704,808
188,153337,528,7018,1086,1224,0,1224
189,286000,682,4923,1593,1593,0,1593
190,315000,440,10570,853,2727,1178,1549
191,184000,484,7472,725,1479,754,725
192,192000,666,9017,1431,1431,0,1431
194,127000,352,7180,864,864,0,864
195,148500,440,2280,855,1456,601,855
196,311872,786,9416,1726,1726,0,1726
197,235000,795,25419,1360,3112,1360,1360
198,104000,0,5520,755,2229,929,929
199,274900,856,9591,1713,1713,0,1713
200,140000,440,8546,1121,1121,0,1121
201,171500,473,10125,1196,1279,0,1279
202,112000,398,7000,617,1310,445,865
203,149000,420,4438,848,848,0,848
204,110000,240,3500,720,1284,564,720
205,180500,500,11851,1424,1442,0,1442
206,143900,349,13673,1140,1696,0,1696
207,141000,312,12493,1100,1100,0,1100
208,277000,454,14364,1157,2062,882,1180
209,145000,504,8250,1092,1092,0,1092
210,98000,0,5604,864,864,0,864
211,186000,460,10420,1212,1212,0,1212
212,252678,644,8640,900,1852,920,932
213,156000,576,13568,990,990,0,990
214,161750,299,10900,689,1392,703,689
215,134450,447,10011,1070,1236,0,1236
216,210000,484,8450,1436,1436,0,1436
217,107000,210,9906,686,1328,518,810
218,311500,431,15660,798,1954,817,1137
219,167240,438,3010,1248,1248,0,1248
220,204900,675,8990,1498,1498,0,1498
221,200000,390,8068,1010,2267,1257,1010
222,179900,434,11475,713,1552,741,811
223,97000,576,10500,864,864,0,864
224,386250,968,13472,2392,2392,0,2392
225,112000,280,1680,630,1302,672,630
226,290000,721,9950,1203,2520,1306,1214
227,106000,280,1869,483,987,504,483
228,125000,336,8521,912,912,0,912
229,192500,430,3182,1373,1555,0,1555
230,148000,312,8760,1194,1194,0,1194
231,403000,810,15138,1462,2794,1304,1490
232,94500,288,1680,483,987,504,483
233,128200,308,10650,894,894,0,894
234,216500,440,7851,860,1960,1100,860
235,89500,264,1680,483,987,504,483
236,185500,494,8773,1414,1414,0,1414
237,194500,457,9453,996,1744,730,1014
238,318000,818,12030,1694,1694,0,1694
239,113000,220,8741,735,1487,689,798
240,262500,750,9000,1566,1566,0,1566
241,110500,0,3880,686,866,0,866
242,79000,352,5000,540,1440,551,889
243,120000,288,10762,626,1217,591,626
244,205000,463,8880,948,2110,888,1222
245,241500,604,10400,1845,1872,0,1872
246,137000,440,9142,1020,1928,1020,908
247,140000,451,11310,1367,1375,0,1375
248,180000,500,11317,840,1668,828,840
249,277000,389,159000,1444,2144,700,1444
250,76500,0,5350,728,1306,0,1306
251,235000,538,4750,1573,1625,0,1625
252,173000,520,8366,798,1640,842,798
253,158000,309,9350,1302,1302,0,1302
254,145000,294,8400,1314,1314,0,1314
255,230000,429,8738,975,2291,1286,1005
256,207500,673,8791,864,1728,864,864
257,220000,660,8814,1604,1604,0,1604
258,231500,564,12435,963,1792,829,963
259,97000,308,12702,0,882,0,882
260,176000,884,19296,1362,1382,0,1382
261,276000,868,9588,1482,2574,1092,1482
262,151000,492,8471,506,1212,0,1212
263,130000,484,5500,926,1316,0,926
264,73000,504,5232,680,764,0,764
265,175500,576,12090,1422,1422,0,1422
266,185000,413,11207,802,1511,709,802
267,179500,240,8400,720,2192,720,1052
268,120500,924,6900,740,778,0,778
269,148000,504,7917,1143,1113,0,1113
270,266000,1053,10728,1095,1939,844,1095
271,241500,439,39104,1385,1363,0,1363
272,290000,671,11764,1152,2270,1106,1164
273,139000,338,9600,1240,1632,0,1632
274,124500,264,8314,816,816,0,816
275,205000,672,7264,952,1548,596,952
276,201000,573,9196,1560,1560,0,1560
277,141000,400,19138,864,864,0,864
278,415298,732,14450,2121,2121,0,2121
279,192000,505,10005,1160,2022,866,1156
280,228500,575,11287,807,1982,807,1175
281,185000,572,7200,1262,1262,0,1262
282,207500,626,5063,1314,1314,0,1314
283,244600,898,9612,1468,1468,0,1468
284,179200,529,8012,1575,1575,0,1575
285,164700,528,4251,625,1250,625,625
286,159000,440,9786,912,1734,649,1085
287,88000,0,8125,858,858,0,858
288,122000,280,9819,882,900,0,900
289,153575,384,8730,698,1396,698,698
290,233230,685,15611,1079,1919,840,1079
291,135900,0,5687,780,1716,780,936
292,131000,281,11409,768,1716,568,1148
293,235000,539,16659,795,2263,795,1468
294,167000,418,9600,1416,1644,0,1644
295,142500,588,7937,1003,1003,0,1003
296,152000,282,13710,910,1558,648,910
297,239000,576,7399,975,1950,975,975
298,175000,539,11700,702,1743,702,1041
299,158500,300,14000,1092,1152,0,1152
300,157000,375,15750,1165,1336,0,1336
301,267000,683,16226,1028,2452,1242,1210
302,205000,843,13704,1541,1541,0,1541
303,149900,552,9800,894,894,0,894
304,295000,870,18386,1470,3493,1818,1675
305,305900,888,10386,2000,2000,0,2000
306,225000,746,13474,700,2243,1121,1122
307,89500,0,7920,319,1406,371,1035
308,82500,539,12342,861,861,0,861
309,360000,708,12378,1896,1944,0,1944
310,165600,420,7685,697,1501,804,697
311,132000,240,8000,972,972,0,972
312,119900,410,7800,793,1118,325,793
313,375000,513,215245,2136,2036,0,2036
314,178000,546,9600,728,1641,809,832
315,188500,432,7795,716,1432,716,716
316,260000,484,13005,845,2353,1200,1153
317,270000,1025,9000,1088,1959,871,1088
318,260000,656,9900,1347,2646,1274,1372
319,187500,588,14115,1372,1472,0,1472
320,342643,840,16259,1249,2596,1347,1249
321,354000,872,12099,1136,2468,1332,1136
322,301000,576,10380,1502,2730,1177,1553
323,126175,220,5820,1162,1163,0,1163
324,242000,564,11275,710,2978,1080,1898
325,87000,360,5000,720,803,0,803
326,324000,473,10846,1719,1719,0,1719
327,145250,292,11600,1383,1383,0,1383
328,214500,441,11888,844,2134,689,1445
329,78000,189,6402,596,1192,596,596
330,119000,352,10624,1728,1728,0,1728
331,139000,308,8176,1056,1056,0,1056
332,284000,880,10655,3206,1629,0,1629
333,207000,484,8198,1358,1358,0,1358
334,192000,472,9042,943,1638,695,943
335,228950,529,164660,1499,1786,167,1619
336,377426,676,14157,1922,1922,0,1922
337,214000,532,9135,1536,1536,0,1536
338,202500,440,14145,1208,1621,0,1621
339,155000,297,12400,1215,1215,0,1215
340,202900,431,14191,967,1908,915,993
341,82000,294,8400,721,841,0,841
342,87500,400,8544,0,1040,0,1040
343,266000,564,8849,1684,1684,0,1684
344,85000,336,2592,536,1112,576,536
345,140200,312,6435,972,1577,605,972
346,151500,301,12772,958,958,0,958
347,157500,498,17600,1478,1478,0,1478
348,154000,474,2448,764,1626,862,764
349,437154,706,20431,1848,2728,880,1848
350,318061,617,7820,1869,1869,0,1869
351,190000,445,5271,1453,1453,0,1453
352,95000,200,9084,616,1111,495,616
353,105900,484,8520,624,720,0,720
354,140000,240,8400,940,1595,403,1192
355,177500,521,11249,1200,1200,0,1200
356,173000,400,9248,1158,1167,0,1167
357,134000,528,4224,1142,1142,0,1142
358,130000,288,6930,1062,1352,0,1352
359,280000,592,12011,1086,1924,838,1086
360,156000,470,7540,888,912,0,912
361,145000,240,9144,883,1505,517,988
362,198500,672,7301,0,1922,1427,495
363,118000,264,1680,483,987,504,483
364,190000,566,18800,796,1574,784,790
365,147000,468,10690,672,1344,672,672
366,159000,514,9500,1394,1394,0,1394
367,165000,296,9150,1099,1431,0,1431
368,132000,244,7800,1268,1268,0,1268
369,162000,576,9830,1063,1287,0,1287
370,172400,460,8121,953,1664,711,953
371,134432,680,17120,0,1588,468,1120
372,125000,264,7175,744,752,0,752
373,123000,270,10634,608,1319,0,1319
374,219500,434,8200,847,1928,1081,847
375,61000,0,10020,683,904,0,904
376,148000,576,8846,870,914,0,914
377,340000,610,11143,1580,2466,886,1580
378,394432,834,11394,1856,1856,0,1856
379,179000,463,8123,982,1800,793,1007
380,127000,308,5000,1026,1691,665,1026
381,187750,572,7200,1293,1301,0,1301
382,213500,639,9245,939,1797,858,939
383,76000,360,9000,784,784,0,784
384,240000,501,53107,1580,1953,874,1079
385,192000,430,3182,1256,1269,0,1269
386,81000,0,8410,658,1184,526,658
387,125000,352,7200,1041,1125,0,1125
388,191000,577,9382,1468,1479,0,1479
389,426000,846,12474,1682,2332,590,1742
390,119000,384,8405,861,1367,406,961
391,215000,560,12209,804,1961,1157,804
392,106500,294,8339,0,882,0,882
393,100000,0,7446,788,788,0,788
394,109000,240,10134,735,1034,299,735
395,129000,596,9571,1144,1144,0,1144
396,123000,600,7200,894,894,0,894
397,169500,264,7590,864,1812,936,876
398,67000,338,8967,961,1077,0,1077
399,241000,438,8125,1092,1550,438,1112
400,245500,500,14963,1260,1288,0,1288
401,164990,400,8767,1310,1310,0,1310
402,108000,240,10200,672,672,0,672
403,258000,420,12090,1141,2263,1098,1165
404,168000,373,10364,806,1572,766,806
405,150000,490,9991,1281,1620,0,1620
406,115000,240,10480,1064,1639,0,1166
407,177000,308,15576,840,1680,840,840
408,280000,947,14154,1063,2172,1101,1071
409,339750,836,10800,1034,2078,1028,1050
410,60000,350,9571,1276,1276,0,1276
411,145000,572,34650,1056,1056,0,1056
412,222000,484,4403,1470,1478,0,1478
413,115000,360,8960,1008,1028,0,1028
414,228000,678,11228,1080,2097,1017,1080
415,181134,396,8899,1340,1340,0,1340
416,149500,440,7844,672,1400,728,672
417,239000,864,22420,1370,2624,1254,1370
418,126000,240,8160,756,1134,378,756
419,142000,304,8450,1056,1056,0,1056
420,206300,784,7060,1344,1344,0,1344
421,215000,529,16635,1602,1602,0,1602
422,113000,520,21750,988,988,0,988
423,315000,696,9200,1470,2630,1160,1470
424,139000,297,9000,1196,1196,0,1196
425,135000,240,3378,651,1389,682,707
426,275000,569,12800,1518,1644,0,1644
427,109008,352,8593,907,907,0,907
428,195400,628,6762,1208,1208,0,1208
429,175000,576,11457,1392,1412,0,1412
430,85400,264,1680,483,987,504,483
431,79900,0,5586,901,1198,110,1088
432,122500,440,1920,765,1365,600,765
433,181000,470,10839,926,1604,678,926
434,81000,0,1890,630,630,0,630
435,212000,550,10667,799,1661,834,827
436,116000,440,4400,648,1118,384,734
437,119000,180,6000,884,904,0,904
438,90350,352,4280,440,694,0,694
439,110000,528,12354,684,1196,512,684
440,555000,672,15431,3094,2402,0,2402
441,118000,0,12108,1440,1440,0,1440
442,162900,360,6240,1078,1573,445,1128
443,172500,648,3922,1258,1258,0,1258
444,210000,493,8750,915,1908,975,933
445,127500,480,9855,1436,1689,0,1689
446,190000,578,16492,1517,1888,0,1888
447,199900,431,11214,930,1886,930,956
448,119500,198,8600,780,1376,596,780
449,120000,308,6000,649,1183,504,679
450,110000,270,5684,813,813,0,813
451,280000,576,70761,1533,1533,0,1533
452,204000,422,9303,872,1756,868,888
453,210000,676,9000,768,1590,804,786
454,188000,560,9297,1728,1728,0,1728
455,175500,528,9600,1242,1242,0,1242
456,98000,513,4571,624,1344,720,624
457,256000,529,53227,1364,1663,0,1663
458,161000,228,5100,588,1666,833,833
459,110000,352,7015,709,1203,224,979
460,263435,552,8004,832,1935,1103,832
461,155000,576,7200,560,1135,560,575
462,62383,360,8281,864,864,0,864
463,188700,240,11988,715,1660,811,849
464,124000,0,8430,1040,1040,0,1040
465,178740,398,3072,1375,1414,0,1414
466,167000,526,10628,1277,1277,0,1277
467,146500,312,9480,728,1644,756,888
468,250000,866,11428,1626,1634,0,1634
469,187000,506,9291,832,1710,878,832
470,212000,528,6820,1488,1502,0,1502
471,190000,534,11952,808,1969,808,1161
472,148000,525,3675,547,1072,0,1072
473,440000,908,14977,1976,1976,0,1976
474,251000,499,5330,1494,1652,0,1652
475,132500,624,8480,970,970,0,970
476,208900,508,13125,1478,1493,0,1493
477,380000,694,13693,2153,2643,574,2069
478,297000,826,10637,1705,1718,0,1718
479,89471,672,5925,907,1131,0,1131
480,326000,772,16033,1833,1850,0,1850
481,374000,874,11846,1792,1792,0,1792
482,155000,164,2500,910,1826,910,916
483,164000,402,4500,1216,1216,0,1216
484,132500,264,7758,999,999,0,999
485,147000,264,9600,1113,1113,0,1113
486,156000,515,10289,1073,1073,0,1073
487,175000,487,12243,1484,1484,0,1484
488,160000,520,10800,954,2414,648,1766
489,86000,286,1526,630,630,0,630
490,115000,336,2665,264,1304,688,616
491,133000,240,9490,806,1578,620,958
492,172785,429,15578,728,1456,728,728
493,155000,308,7931,1269,1269,0,1269
494,91300,273,5784,190,886,0,886
495,34900,0,7879,720,720,0,720
496,430000,546,12692,3200,3228,0,3228
497,184000,240,9120,1026,1820,687,1133
498,130000,288,7800,864,899,0,899
499,120000,297,7535,912,912,0,912
500,113000,264,1890,672,1218,546,672
501,226700,603,9803,866,1768,902,866
502,140000,461,9170,1214,1214,0,1214
503,289000,484,15602,1501,1801,0,1801
504,147000,440,2308,855,1322,467,855
505,124500,400,7596,960,1960,1000,960
506,215000,471,9554,777,1911,846,1065
507,208300,676,7862,1218,1218,0,1218
508,161000,360,9600,689,1378,689,689
509,124500,270,9600,1041,1041,0,1041
510,164900,288,14559,1008,1363,0,1363
511,202665,474,6792,1368,1368,0,1368
512,129900,624,9100,864,864,0,864
513,134000,484,9187,1084,1080,0,1080
514,96500,200,10594,768,789,0,789
515,402861,900,12220,2006,2020,0,2020
516,158000,583,10448,689,2119,741,1378
517,265000,889,10208,1264,2344,1067,1277
518,211000,546,9531,794,1796,914,882
519,234000,282,10918,1276,2080,804,1276
520,106250,0,10800,0,1294,600,694
521,150000,336,11988,1244,1244,0,1244
522,159000,420,5000,1004,1664,660,1004
523,184750,884,40094,3138,4676,1538,3138
524,315750,834,11787,1379,2398,1015,1383
525,176000,453,7500,1257,1266,0,1266
526,132000,252,13300,928,928,0,928
527,446261,858,14948,1452,2713,1237,1476
528,86000,0,9098,528,605,0,605
529,200624,484,32668,2035,2515,0,2515
530,175000,600,10200,1461,1509,0,1509
531,128000,502,6155,611,1362,611,751
532,107500,392,7200,0,827,0,827
533,39300,0,5000,0,334,0,334
534,178000,403,9056,707,1414,707,707
535,107500,0,7000,1117,1347,527,820
536,188000,527,8924,880,1724,844,880
537,111250,576,12735,864,864,0,864
538,158000,336,11553,1051,1159,0,1159
539,272000,670,11423,1581,1601,0,1601
540,315000,765,14601,1838,1838,0,1838
541,248000,648,11000,969,2285,1288,997
542,213250,583,10140,1650,1680,0,1680
543,133000,367,4058,723,767,0,767
544,179665,426,17104,654,1496,832,664
545,229000,786,13837,1204,2183,806,1377
546,210000,440,8737,1065,1635,720,915
547,129500,624,7244,768,768,0,768
548,125000,720,8235,825,825,0,825
549,263000,615,9375,912,2094,1182,912
550,140000,440,4043,1069,1069,0,1069
551,112500,288,6000,928,928,0,928
552,255500,908,11146,1709,1717,0,1717
553,108000,520,8777,0,1126,0,1126
554,284000,871,10625,998,2046,1040,1006
555,113000,280,6380,993,1048,0,1048
556,141000,299,14850,1092,1092,0,1092
557,108000,570,11040,637,1336,439,897
558,175000,406,21872,729,1446,717,729
559,234000,420,3196,1374,1557,0,1557
560,121500,528,11341,1392,1392,0,1392
561,170000,418,10010,1389,1389,0,1389
562,108000,0,13907,996,996,0,996
563,185000,396,21780,1163,1674,511,1163
564,268000,590,13346,1095,2295,1129,1166
565,128000,216,6858,806,1647,806,841
566,325000,656,11198,1122,2504,1370,1134
567,214000,532,10171,1517,1535,0,1535
568,316600,612,12327,1496,2132,636,1496
569,135960,600,7032,943,943,0,943
570,142600,576,13101,1728,1728,0,1728
571,120000,288,7332,864,864,0,864
572,224500,650,13159,846,1692,846,846
573,170000,400,9967,384,1430,656,774
574,139000,288,10500,372,1109,533,576
575,118500,336,8480,832,1216,384,832
576,145000,216,6292,861,1477,600,877
577,164500,564,11777,1164,1320,0,1320
578,146000,540,3604,689,1392,689,703
579,131500,352,12150,1050,1795,745,1050
580,181900,572,14585,1144,1429,0,1429
581,253293,1390,12704,2042,2042,0,2042
582,118500,0,11841,816,816,0,816
583,325000,880,13500,1237,2775,1254,1521
584,133000,240,6120,884,1573,584,989
585,369900,880,11443,1868,2028,0,2028
586,130000,275,10267,816,838,0,838
587,137000,528,8740,840,860,0,860
588,143000,452,25095,1437,1473,0,1473
589,79500,308,9100,742,935,0,779
590,185900,520,8320,770,1582,812,770
591,451950,842,13478,1722,2296,568,1728
592,138000,816,6600,816,816,0,816
593,140000,420,4435,848,848,0,848
594,110000,280,7990,924,924,0,924
595,319000,758,11302,1814,1826,0,1826
596,114504,216,3600,684,1368,684,684
597,194201,648,3922,1258,1402,0,1402
598,217500,621,12984,1430,1647,0,1647
599,151000,452,1950,716,1556,840,716
600,275000,736,10927,1058,1904,846,1058
601,141000,544,9000,780,1375,595,780
602,220000,506,10041,908,1915,988,927
603,151000,480,3182,600,1200,600,600
604,221000,530,12803,1494,1494,0,1494
605,205000,486,13600,768,1986,800,1186
606,152000,576,12464,1040,1040,0,1040
607,225000,230,7800,896,2008,896,1112
608,359100,380,12168,965,3194,1254,1940
609,118500,261,7943,1029,1029,0,1029
610,313000,736,11050,1440,2153,677,1476
611,148000,564,10395,1032,1032,0,1032
612,261500,531,11885,1299,1872,573,1299
613,147000,0,8402,1120,1120,0,1120
614,75500,0,1491,630,630,0,630
615,137500,480,8800,936,1054,0,1054
616,183200,393,7861,783,1509,702,807
617,105500,528,7227,832,832,0,832
618,314813,774,11694,1822,1828,0,1828
619,305000,749,12244,1482,2262,780,1482
620,67000,0,8248,864,864,0,864
621,240000,624,10800,1522,2614,1066,1548
622,135000,484,7064,980,980,0,980
623,168500,440,2117,756,1512,756,756
624,165150,484,10400,732,1790,778,1012
625,160000,440,10000,1116,1116,0,1116
626,139900,286,12342,978,1422,0,1422
627,153000,364,9600,1156,1520,0,1520
628,135000,504,11606,1040,2080,1040,1040
629,168500,520,9020,1248,1350,0,1350
630,124000,240,9000,636,1750,661,1089
631,209500,627,4590,1554,1554,0,1554
632,82500,544,11900,1386,1411,0,1411
633,139400,260,9250,1056,1056,0,1056
634,144000,576,6979,1056,1056,0,1056
635,200000,0,10896,1440,3395,1440,1440
636,60000,0,6120,264,800,0,800
637,93000,256,6000,811,1387,576,811
638,85000,0,8777,796,796,0,796
639,264561,648,3982,1520,1567,0,1567
640,274000,588,12677,1518,1518,0,1518
641,226000,650,7050,1057,1929,872,1057
642,345000,538,13860,1952,2704,704,2000
643,152000,462,10793,780,1620,840,780
644,370878,478,9187,1766,1766,0,1766
645,143250,576,10530,981,981,0,981
646,98300,420,7200,0,1048,0,1048
647,155000,495,10452,1094,1094,0,1094
648,155000,442,7700,756,1839,788,1051
649,84500,0,1936,630,630,0,630
650,205950,562,8125,813,1665,843,822
651,108000,296,9084,755,1510,755,755
652,191000,512,8750,880,1716,807,909
653,135000,216,10320,756,1469,713,756
654,350000,839,10437,2109,2113,0,2113
655,88000,264,1680,525,1092,567,525
656,145500,312,10007,1053,1053,0,1053
657,149000,270,7200,776,1502,651,851
658,97500,330,17503,912,1458,546,912
659,167000,480,9937,1486,1486,0,1486
660,197900,550,12384,793,1935,793,1142
661,402000,711,46589,1629,2448,762,1686
662,110000,576,13560,1392,1392,0,1392
663,137500,588,10012,1138,1181,0,1181
664,423000,1134,20896,2077,2097,0,2097
665,230500,504,11194,1406,1936,482,1454
666,129000,596,18450,1021,2380,915,1465
667,193500,575,8125,1408,1679,0,1679
668,168000,576,14175,1188,1437,0,1437
669,137500,252,11600,700,1180,0,1180
670,173500,540,8633,738,1476,738,738
671,103600,300,6629,672,1369,672,697
672,165000,546,11250,1208,1208,0,1208
673,257500,416,14442,1477,1839,0,1839
674,140000,384,9200,1136,1136,0,1136
675,148500,440,2289,855,1441,586,855
676,87000,779,9600,1095,1774,679,1095
677,109500,240,9022,768,792,0,792
678,372500,834,11844,2046,2046,0,2046
679,128500,572,9945,988,988,0,988
680,143000,264,8012,923,923,0,923
681,159434,281,4500,793,1520,672,848
682,173000,431,2887,1291,1291,0,1291
683,285000,702,11248,1626,1668,0,1668
684,221000,486,16770,1195,1839,644,1195
685,207500,577,5062,1190,2090,900,1190
686,227875,578,10207,874,1761,887,874
687,148800,480,5105,551,1102,551,551
688,392000,567,8089,1419,1419,0,1419
689,194700,460,7577,1362,1362,0,1362
690,141000,420,4426,848,848,0,848
691,755000,832,21535,2444,4316,1872,2444
692,335000,628,26178,1210,2519,1281,1238
693,108480,326,5400,1073,1073,0,1073
694,141500,576,6120,927,1539,472,1067
695,176000,551,13811,1112,1137,0,1137
696,89000,205,6000,616,616,0,616
697,123500,308,6420,980,1148,0,1148
698,138500,336,8450,894,894,0,894
699,196000,530,4282,1391,1391,0,1391
700,312500,765,14331,1800,1800,0,1800
701,140000,528,9600,1164,1164,0,1164
702,361919,666,12438,1234,2576,1312,1264
703,140000,672,7630,360,1812,780,1032
704,213000,606,8400,1473,1484,0,1484
705,55000,0,5600,0,1092,720,372
706,302000,739,115149,1643,1824,0,1824
707,254000,550,6240,1324,1324,0,1324
708,179540,400,9018,728,1456,728,728
709,109900,408,7162,876,904,0,904
710,52000,0,4130,270,729,0,729
711,102776,384,8712,859,1178,319,859
712,189000,472,4671,1228,1228,0,1228
713,129000,576,9873,960,960,0,960
714,130500,475,13517,725,1479,754,725
715,165000,478,10140,1064,1350,0,1350
716,159500,704,10800,718,2554,978,1576
717,157000,439,10000,1176,1178,0,1178
718,341000,983,10542,1311,2418,1093,1325
719,128500,300,9920,971,971,0,971
720,275000,564,6563,1742,1742,0,1742
721,143000,420,4426,848,848,0,848
722,124500,463,8120,864,864,0,864
723,135000,548,8172,941,1470,473,997
724,320000,768,13286,1698,1698,0,1698
725,120500,660,6960,864,864,0,864
726,222000,540,21695,880,1680,0,1680
727,194500,632,7314,1232,1232,0,1232
728,110000,888,11475,1584,1776,0,1776
729,103000,539,6240,780,1208,0,848
730,236500,608,5389,1595,1616,0,1616
731,187500,438,9590,868,1146,0,1146
732,222500,541,11404,1153,2031,878,1153
733,131400,264,10000,864,1144,0,1144
734,108000,300,8978,948,948,0,948
735,163000,320,10800,880,1768,888,880
736,93500,400,8544,0,1040,0,1040
737,239900,800,10463,893,1801,900,901
738,179000,0,10800,1200,1200,0,1200
739,190000,572,9313,864,1728,864,864
740,132000,360,9600,264,1432,664,768
741,142000,288,6768,912,912,0,912
742,179000,539,8450,1349,1349,0,1349
743,175000,480,12886,520,1464,0,1464
744,180000,462,5395,1337,1337,0,1337
745,299800,831,8963,1142,2715,1540,1175
746,236000,554,8795,952,2256,1276,980
747,265979,864,11700,1240,2640,1320,1320
748,260400,527,10593,1720,1720,0,1720
749,98000,240,8405,0,1529,441,1088
750,96500,0,8800,576,1140,348,792
751,162000,400,7750,660,1320,660,660
752,217000,576,9236,1479,1494,0,1494
753,275500,878,10240,1030,2098,1060,1038
754,156000,440,7930,1026,1026,0,1026
755,172500,440,3230,729,1471,729,742
756,212000,578,10769,866,1768,902,866
757,158900,440,11616,672,1386,714,672
758,179400,440,2280,744,1501,744,757
759,290000,752,12257,1318,2531,1203,1328
760,127500,300,9100,864,864,0,864
761,100000,440,6911,1145,1301,0,1301
762,215200,614,8640,756,1547,783,764
763,337000,856,9430,1252,2365,1097,1268
764,270000,481,9549,1494,1494,0,1494
765,264132,592,14587,1498,1506,0,1506
766,196500,496,10421,980,1714,734,980
767,160000,423,12508,983,1750,767,983
768,216837,484,9100,1860,1836,0,1836
769,538000,841,53504,1650,3279,1589,1690
770,134900,576,7252,858,858,0,858
771,102000,396,8877,836,1220,0,1220
772,107000,672,7819,1029,1117,0,1117
773,114500,275,10150,912,912,0,912
774,395000,895,14226,1935,1973,0,1973
775,162000,412,4500,1204,1204,0,1204
776,221500,865,11210,1614,1614,0,1614
777,142500,440,13350,864,894,0,894
778,144000,630,8400,0,2020,0,2020
779,135000,504,10530,975,1004,0,1004
780,176000,402,7875,1237,1253,0,1253
781,175900,484,7153,761,1603,793,810
782,187100,605,16285,1413,1430,0,1430
783,165500,602,9101,1097,1110,0,1110
784,128000,0,6300,742,1484,742,742
785,161500,457,9790,1372,1342,0,1342
786,139000,416,10800,686,1652,686,966
787,233000,618,10142,956,2084,1128,956
788,107900,281,6000,901,901,0,901
789,187500,444,12205,832,2087,1111,976
790,160200,397,3182,1145,1145,0,1145
791,146800,539,11333,1029,1062,0,1062
792,269790,455,9920,1117,2013,886,1127
793,225000,474,9158,1496,1496,0,1496
794,194500,409,10832,712,1895,809,1086
795,171000,476,8400,650,1564,676,888
796,143500,528,8197,660,1285,0,1285
797,110000,240,7677,773,773,0,773
798,485000,820,13518,1926,3140,1174,1966
799,175000,240,7200,731,1768,787,981
800,200000,603,12798,616,1688,1072,616
801,109900,440,4800,1196,1196,0,1196
802,189000,410,8199,728,1456,728,728
803,582933,1020,13891,1734,2822,1088,1734
804,118000,286,9000,936,1128,0,1128
805,227680,554,12274,1417,1428,0,1428
806,135500,384,9750,980,980,0,980
807,223500,528,21384,1324,1576,504,1072
808,159950,484,13400,1024,1086,0,1086
809,106000,360,8100,849,2138,1063,1075
810,181000,484,10140,1040,1309,0,1309
811,144500,420,4438,848,848,0,848
812,55993,504,8712,540,1044,0,1044
813,157900,301,9750,1442,1442,0,1442
814,116000,280,8248,686,1250,564,686
815,224900,598,12137,1649,1661,0,1661
816,137000,275,11425,1008,1008,0,1008
817,271000,857,13265,1568,1689,0,1689
818,155000,440,8816,1010,1052,0,1052
819,224000,484,6371,1358,1358,0,1358
820,183000,595,7226,798,1640,842,798
821,93000,576,6000,936,936,0,936
822,225000,433,12394,847,1733,886,847
823,139500,240,9900,778,1489,545,944
824,232600,776,11216,1489,1489,0,1489
825,385000,1220,14803,2078,2084,0,2084
826,109500,0,6130,784,784,0,784
827,189000,527,8529,1454,1434,0,1434
828,185000,538,28698,1013,2126,966,1160
829,147400,480,2544,600,1223,623,520
830,166000,458,11900,1392,1392,0,1392
831,151000,480,3180,600,1200,600,520
832,237000,613,9548,941,1829,888,941
833,167000,472,10004,1516,1516,0,1516
834,139950,456,7875,1144,1144,0,1144
835,128000,436,9600,1067,1067,0,1067
836,153500,812,8100,1559,1559,0,1559
837,100000,264,1680,483,987,504,483
838,144000,352,9525,1099,1099,0,1099
839,130500,240,11767,768,1200,432,768
840,140000,400,12155,672,1482,672,810
841,157500,686,10440,650,1539,581,958
842,174900,490,9020,1127,1165,0,1165
843,141000,0,8000,1800,1800,0,1800
844,153900,720,12665,876,1416,540,876
845,171000,611,16647,1390,1701,0,1701
846,213000,425,9317,740,1775,769,1006
847,133500,338,15523,864,864,0,864
848,240000,360,45600,907,2358,1051,1307
849,187000,512,9600,528,1855,761,1094
850,131500,420,4435,848,848,0,848
851,215000,400,3196,1273,1456,0,1456
852,164000,240,7128,918,1646,728,918
853,158000,645,12095,1127,1445,0,1445
854,170000,454,17920,1763,1779,0,1779
855,127000,260,6897,1040,1040,0,1040
856,147000,576,10970,940,1026,0,1026
857,174000,343,8125,702,1481,779,702
858,152000,479,10400,1090,1370,0,1370
859,250000,619,11029,1054,2654,1142,1512
860,189950,216,7642,912,1426,514,912
861,131500,504,11625,1039,1039,0,1039
862,152000,480,9672,1040,1097,0,1097
863,132500,672,7931,1148,1148,0,1148
864,250580,529,8640,1372,1372,0,1372
865,148500,902,8750,1002,1002,0,1002
866,248900,870,10656,1638,1646,0,1646
867,129000,544,6970,1040,1120,0,1120
868,169000,672,14762,0,2320,720,1547
869,236000,574,9938,1050,1949,887,1062
870,109500,308,6600,894,894,0,894
871,200500,523,8750,804,1682,878,804
872,116000,414,8892,105,910,0,910
873,133000,288,12144,832,1268,0,1036
874,66500,200,5720,676,1131,455,676
875,303477,550,9000,1184,2610,1426,1184
876,132250,648,25286,1064,1040,0,1040
877,350000,738,8834,1462,2224,762,1462
878,148000,576,11782,1109,1155,0,1155
879,136500,336,7000,864,864,0,864
880,157000,450,7024,1090,1090,0,1090
881,187500,400,13758,1156,1717,530,1187
882,178000,389,9636,808,1593,785,808
883,118500,440,6204,795,2230,795,954
884,100000,288,7150,892,892,0,892
885,328900,506,5119,1698,1709,0,1709
886,145000,588,8393,1626,1712,0,1712
887,135500,300,16466,816,1393,521,872
888,268000,621,15865,2217,2217,0,2217
889,149500,505,12160,1505,1505,0,1505
890,122900,576,8064,672,924,252,672
891,172500,440,11184,918,1683,765,918
892,154500,264,8414,1059,1068,0,1068
893,165000,354,13284,1383,1383,0,1383
894,118858,400,7018,0,1535,0,1535
895,140000,483,7056,780,1796,813,983
896,106500,327,8765,951,951,0,951
897,142953,528,7018,0,2240,1120,1120
898,611657,820,12919,2330,2364,0,2364
899,135000,288,6993,912,1236,0,1236
900,110000,684,7340,858,858,0,858
901,153000,756,8712,992,1306,0,1306
902,180000,393,7875,783,1509,702,807
903,240000,690,14859,1670,1670,0,1670
904,125500,288,6173,876,902,0,902
905,128000,280,9920,1056,1063,0,1063
906,255000,865,13501,1623,1636,0,1636
907,250000,180,11500,1017,2057,1037,1020
908,131000,484,8885,864,902,0,902
909,174000,390,12589,742,1484,742,742
910,154300,480,11600,1105,2274,1169,1105
911,143500,252,9286,1268,1268,0,1268
912,88000,450,6120,768,1015,0,1015
913,145000,871,6270,1001,2002,1001,1001
914,173733,528,3000,612,1224,612,612
915,75000,286,2001,546,1092,546,546
916,35311,308,9000,480,480,0,480
917,135000,284,17140,1134,1229,0,1229
918,238000,833,13125,1104,2127,1215,912
919,176500,601,11029,1184,1414,0,1414
920,201000,471,8462,928,1721,785,936
921,145900,0,8777,1272,2200,928,1272
922,169990,397,10237,1316,1316,0,1316
923,193000,533,8012,1604,1617,0,1617
924,207500,612,10240,1686,1686,0,1686
925,175000,540,15611,1126,1126,0,1126
926,285000,656,11999,1181,2374,1140,1234
927,176000,486,9900,832,1978,880,1098
928,236500,522,11838,1753,1788,0,1788
929,222000,642,13006,964,2236,1243,993
930,201000,610,8925,1466,1466,0,1466
931,117500,429,9100,925,925,0,925
932,320000,788,11670,1905,1905,0,1905
933,190000,570,8487,1500,1500,0,1500
934,242000,505,27650,585,2069,0,2069
935,79900,528,5825,600,747,0,747
936,184900,555,10083,1176,1200,0,1200
937,253000,689,9675,1113,1971,858,1113
938,239799,868,8760,1391,1962,571,1391
939,244400,349,24090,1032,2403,1196,1207
940,150900,574,12640,1728,1728,0,1728
941,214000,390,8755,992,2060,1038,1022
942,150000,0,7711,1440,1440,0,1440
943,143000,576,25000,1632,1632,0,1632
944,137500,525,14375,819,1344,0,1344
945,124900,456,8820,1088,1869,561,1188
946,143000,796,8163,1144,1144,0,1144
947,270000,808,14536,1616,1629,0,1629
948,192500,474,14006,936,1776,840,936
949,197500,676,9360,1161,1381,0,1381
950,129000,720,7200,864,864,0,864
951,119900,300,7800,828,965,0,965
952,133900,396,7200,768,768,0,768
953,172000,530,11075,784,1968,800,1168
954,127500,0,9400,945,980,0,980
955,145000,492,7136,979,1958,979,979
956,124000,462,1300,561,1229,668,561
957,132000,576,7420,1057,1057,0,1057
958,185000,531,8450,1337,1337,0,1337
959,155000,484,2572,696,1416,720,696
960,116500,0,7207,858,858,0,858
961,272000,619,12227,1330,2872,1330,1542
962,155000,440,2308,804,1548,744,804
963,239000,702,11923,1800,1800,0,1800
964,214900,510,11316,817,1894,1070,824
965,178900,393,10237,783,1484,701,783
966,160000,256,9600,728,1308,332,976
967,135000,260,7390,1098,1098,0,1098
968,37900,0,5925,600,968,368,600
969,140000,264,10382,588,1095,0,1095
970,135000,0,10800,720,1192,472,720
971,173000,474,2268,764,1626,862,764
972,99500,264,7892,918,918,0,918
973,182000,480,11639,1428,1428,0,1428
974,167500,532,11414,728,2019,883,1136
975,165000,490,2651,673,1382,709,673
976,85500,0,5900,440,869,0,869
977,199900,569,4274,1241,1241,0,1241
978,110000,400,9450,894,894,0,894
979,139000,480,8816,1121,1121,0,1121
980,178400,588,12122,944,999,0,999
981,336000,676,12203,1225,2612,1336,1276
982,159895,388,3182,1266,1266,0,1266
983,255900,779,11250,1128,2290,1141,1149
984,126000,539,10125,0,1734,432,1302
985,125000,240,10880,1164,1164,0,1164
986,117000,255,5310,485,1635,634,1001
987,395192,606,10159,1930,1940,0,1940
988,195000,551,12046,848,2030,912,1118
989,197000,614,8125,770,1576,798,778
990,348000,870,9452,1396,2392,985,1407
991,168000,424,17671,916,1742,826,916
992,187000,440,9760,822,1851,831,1020
993,173900,564,8846,750,1500,750,750
994,337500,786,12456,1700,1718,0,1718
995,121600,305,4712,747,1230,456,774
996,136500,368,10659,1050,1050,0,1050
997,185000,615,11717,1442,1442,0,1442
998,91000,210,9786,1007,1077,0,1077
999,206000,632,6762,1187,1208,0,1208
1000,82000,528,10206,0,944,0,944
1001,86000,216,5400,691,691,0,691
1002,232000,824,11957,1574,1574,0,1574
1003,136905,528,11500,1680,1680,0,1680
1004,181000,457,3182,1346,1504,0,1504
1005,149900,328,8385,985,985,0,985
1006,163500,484,12155,1657,1657,0,1657
1007,88000,286,2217,546,1092,546,546
1008,240000,550,12118,1710,1710,0,1710
1009,102000,0,6000,1008,1522,0,1008
1010,135000,312,21286,720,1271,551,720
1011,100000,0,9825,0,1664,0,1664
1012,165000,180,10592,602,1502,602,900
1013,85000,280,7200,1022,1022,0,1022
1014,119200,240,11664,1082,1082,0,1082
1015,227000,528,8400,810,1665,855,810
1016,203000,478,11883,1504,1504,0,1504
1017,187500,565,5814,1220,1360,0,1360
1018,160000,402,10784,384,1472,670,802
1019,213490,440,3013,1362,1506,0,1506
1020,176000,451,7024,1132,1132,0,1132
1021,194000,632,7406,1199,1220,0,1220
1022,87000,160,9439,912,1248,336,912
1023,191000,437,3182,1346,1504,0,1504
1024,287000,665,15498,1565,2898,0,2898
1025,112500,461,7700,882,882,0,882
1026,167500,461,9300,1268,1264,0,1264
1027,293077,800,9520,1638,1646,0,1646
1028,105000,240,9492,768,1376,408,968
1029,118000,264,1680,672,1218,546,672
1030,160000,0,7082,686,1928,980,948
1031,197000,672,15863,824,3082,998,1687
1032,310000,796,14541,1338,2520,1168,1352
1033,230000,900,8125,1654,1654,0,1654
1034,119750,240,6305,920,954,0,954
1035,84000,290,11500,0,845,0,845
1036,315500,912,12898,1620,1620,0,1620
1037,287000,905,9240,1055,2263,1208,1055
1038,97000,0,1533,546,1344,546,798
1039,80000,286,1477,630,630,0,630
1040,155000,484,13125,1134,1803,0,1803
1041,173000,484,9130,800,1632,832,800
1042,196000,624,5381,1306,1306,0,1306
1043,262280,514,11839,1475,2329,797,1532
1044,278000,542,9600,2524,2524,0,2524
1045,139600,452,13680,0,1733,0,1733
1046,556581,716,16056,1992,2868,876,1992
1047,145000,672,9245,990,990,0,990
1048,115000,336,21750,0,1771,0,1771
1049,84900,308,11100,0,930,0,930
1050,176485,436,8993,1302,1302,0,1302
1051,200141,440,11175,1316,1316,0,1316
1052,165000,540,9500,816,1977,850,1127
1053,144500,364,8562,1216,1526,0,1526
1054,255000,586,11367,1065,1989,898,1091
1055,180000,478,11361,1193,1523,0,1523
1056,185850,484,7052,1364,1364,0,1364
1057,248000,467,29959,973,1850,871,979
1058,335000,836,11308,1104,2184,1054,1130
1059,220000,432,11275,854,1991,895,1096
1060,213500,582,4920,1338,1338,0,1338
1061,81000,1248,18000,894,894,0,894
1062,90000,560,13600,662,2337,915,1422
1063,110500,440,6000,1103,1103,0,1103
1064,154000,480,11000,1154,1154,0,1154
1065,328000,533,14000,1306,2260,954,1306
1066,178000,380,7837,799,1571,772,799
1067,167900,442,9760,780,1611,813,798
1068,151400,576,3964,942,2521,1230,1291
1069,135000,576,9600,845,893,0,893
1070,135000,286,10152,1048,1048,0,1048
1071,154000,441,11700,727,1556,727,829
1072,91500,280,7585,810,1456,454,1002
1073,159500,440,7950,690,1426,728,698
1074,194000,826,8556,1240,1240,0,1240
1075,219500,240,13125,800,1740,780,960
1076,170000,566,10800,796,1466,370,1096
1077,138800,299,15870,1096,1096,0,1096
1078,155900,420,4435,848,848,0,848
1079,126000,299,8775,990,990,0,990
1080,145000,528,11040,1258,1258,0,1258
1081,133000,308,7500,1040,1040,0,1040
1082,192000,527,8749,1459,1459,0,1459
1083,160000,461,8800,1251,1251,0,1251
1084,187500,409,13031,691,1498,807,691
1085,147000,564,9069,936,996,0,996
1086,83500,286,1974,546,1092,546,546
1087,252000,1043,10574,1082,1953,871,1082
1088,137500,380,2522,970,1709,739,970
1089,197000,550,3316,1247,1247,0,1247
1090,92900,400,8544,0,1040,0,1040
1091,160000,462,2160,600,1252,628,624
1092,136500,576,8400,1181,1694,304,1390
1093,146000,884,9230,864,1200,0,1200
1094,129000,308,5868,936,936,0,936
1095,176432,440,9317,1314,1314,0,1314
1096,127000,0,6882,684,1355,582,773
1097,170000,461,3696,1074,1088,0,1088
1098,128000,240,6000,672,1324,567,757
1099,157000,478,11880,1271,1601,0,1601
1100,60000,246,8400,290,438,0,438
1101,119500,280,9758,950,950,0,950
1102,135000,254,7000,1010,1134,0,1134
1103,159500,539,8910,655,1194,0,1194
1104,106000,440,2016,630,1302,672,630
1105,325000,712,12256,1463,2622,1122,1500
1106,179900,719,10357,910,1442,0,1442
1107,274725,422,23257,868,2021,1134,887
1108,181000,463,8063,924,1690,742,948
1109,280000,862,11362,1836,1836,0,1836
1110,188000,431,8000,773,1658,885,773
1111,205000,483,10480,803,1964,866,1098
1112,129900,308,7100,816,816,0,816
1113,134500,240,8923,1008,1008,0,1008
1114,117000,326,5400,833,833,0,833
1115,318000,928,12085,1734,1734,0,1734
1116,184100,527,7750,408,1419,640,779
1117,130000,450,9764,894,894,0,894
1118,140000,300,13825,533,1601,580,1021
1119,133700,286,7560,1040,1040,0,1040
1120,118400,308,8263,1012,1012,0,1012
1121,212900,782,10084,1552,1552,0,1552
1122,112000,288,8926,672,960,0,960
1123,118000,0,9405,698,698,0,698
1124,163900,392,9125,384,1482,670,812
1125,115000,672,10434,1005,1005,0,1005
1126,174000,660,3684,1373,1555,0,1555
1127,259000,630,14572,1530,1530,0,1530
1128,215000,434,11796,847,1959,1112,847
1129,140000,672,7200,936,936,0,936
1130,135000,576,7804,1122,1981,653,1328
1131,93500,0,10712,974,974,0,974
1132,117500,205,9900,1008,2210,1032,1178
1133,239500,466,9828,1128,2020,878,1142
1134,169000,460,8773,916,1600,684,916
1135,102000,180,6180,960,986,0,986
1136,119000,288,9600,1032,1252,220,1032
1137,94000,0,6342,780,1020,240,780
1138,196000,714,9819,1567,1567,0,1567
1139,144000,495,8731,915,1167,0,1167
1140,139000,840,7350,952,952,0,952
1141,197500,484,10304,780,1868,780,1088
1142,424870,1052,9965,1466,2828,1362,1466
1143,80000,0,9000,1006,1006,0,1006
1144,80000,280,12180,672,924,252,672
1145,149000,225,6240,1042,1576,534,1042
1146,180000,403,11200,1298,1298,0,1298
1147,174500,234,12000,704,1564,704,860
1148,116900,288,5700,572,1111,539,572
1149,143000,324,9000,650,1482,650,832
1150,124000,306,8280,932,932,0,932
1151,149900,528,17755,1466,1466,0,1466
1152,230000,470,14115,1073,1811,0,1811
1153,120500,432,5890,816,816,0,816
1154,201800,492,13700,864,1820,918,902
1155,218000,528,10768,1437,1437,0,1437
1156,179900,502,9350,1219,1265,0,1265
1157,230000,626,5001,1314,1314,0,1314
1158,235128,830,11932,1580,1580,0,1580
1159,185000,540,9120,901,1876,933,943
1160,146000,440,2280,855,1456,601,855
1161,224000,924,14778,1296,1640,0,1640
1162,129000,450,8724,894,894,0,894
1163,108959,400,12900,1198,1258,0,1258
1164,194000,588,16157,1360,1432,0,1432
1165,233170,644,9541,1502,1502,0,1502
1166,245350,776,10475,1694,1694,0,1694
1167,173000,472,10852,959,1671,712,959
1168,235000,540,13728,1127,2108,872,1236
1169,625000,807,35760,1930,3627,1796,1831
1170,171000,358,9880,1096,1118,0,1118
1171,163000,433,9120,1261,1261,0,1261
1172,171900,625,4017,625,1250,625,625
1173,200500,0,18030,1598,3086,971,1636
1174,239000,360,16560,952,2345,1175,1170
1175,285000,541,10678,1683,2872,743,2129
1176,119500,264,6951,876,923,0,923
1177,115000,210,3950,818,1224,406,818
1178,154900,186,7681,731,1343,523,820
1179,93000,0,8335,0,1124,0,1124
1180,250000,693,11170,1216,2514,1216,1298
1181,392500,482,5587,1600,1652,0,1652
1182,745000,813,15623,2396,4476,2065,2411
1183,120000,720,10800,1120,1130,0,1130
1184,186700,995,35133,1572,1572,0,1572
1185,104900,392,9738,784,1221,272,949
1186,95000,420,10615,978,1699,685,1014
1187,262000,757,12461,1624,1624,0,1624
1188,195000,493,8935,831,1660,829,831
1189,189000,442,7500,994,1804,776,1028
1190,168000,1356,32463,1249,1622,0,1622
1191,174000,492,2645,776,1441,677,764
1192,125000,250,9600,702,1472,630,842
1193,165000,402,4500,1224,1224,0,1224
1194,158000,299,9364,663,1352,689,663
1195,176000,400,8029,728,1456,728,728
1196,219210,660,14054,879,1863,984,879
1197,144000,225,8850,815,1690,875,815
1198,178000,573,9100,1212,1212,0,1212
1199,148000,459,11235,1051,1382,0,1382
1200,116050,280,9353,864,864,0,864
1201,197900,546,10400,866,1779,913,866
1202,117000,216,6000,884,1348,464,884
1203,213000,451,9750,1630,1630,0,1630
1204,153500,495,10140,1056,1074,0,1074
1205,271900,701,14684,2158,2196,0,2196
1206,107000,384,8900,1056,1056,0,1056
1207,200000,544,9135,1682,1700,0,1700
1208,140000,506,7763,931,1283,0,1283
1209,290000,500,10182,1660,1660,0,1660
1210,189000,462,11218,1055,1845,790,1055
1211,164000,492,12134,559,1752,672,1080
1212,113000,234,9340,672,672,0,672
1213,145000,364,10246,648,960,0,960
1214,134500,300,10205,925,999,0,999
1215,125000,384,7094,894,894,0,894
1216,112000,539,8930,0,1902,584,1318
1217,229456,552,8640,1300,1314,0,1314
1218,80500,0,6240,0,912,240,672
1219,91500,0,1680,672,1218,546,672
1220,115000,288,7800,912,912,0,912
1221,134000,322,8250,952,1211,0,1211
1222,143000,315,10496,1040,1846,678,1168
1223,137900,528,10680,2136,2136,0,2136
1224,184000,388,15384,788,1490,702,788
1225,145000,264,10482,588,1138,0,1138
1226,214000,668,14598,894,1933,1039,894
1227,147000,576,8872,912,912,0,912
1228,367294,1052,8769,1702,1702,0,1702
1229,127000,404,7910,1075,1507,0,1507
1230,190000,600,18890,1361,2620,1259,1361
1231,132500,540,7728,1106,1190,0,1190
1232,101800,462,9842,0,1224,0,1224
1233,142000,531,12160,1188,1188,0,1188
1234,130000,0,8525,940,1964,940,1024
1235,138887,180,13132,747,1784,892,892
1236,175500,474,2628,764,1626,862,764
1237,195000,434,12393,847,1948,1101,847
1238,142500,484,13072,1141,1141,0,1141
1239,265900,472,9037,1476,1484,0,1484
1240,224900,543,8158,884,1768,884,884
1241,248328,954,9849,1689,1689,0,1689
1242,170000,528,10625,1053,1173,0,1173
1243,465000,850,13891,2076,2076,0,2076
1244,230000,400,11435,792,1517,725,792
1245,178000,477,12090,585,1868,728,1140
1246,186500,615,8125,756,1553,797,756
1247,169900,888,12328,1012,1034,0,1034
1248,129500,396,9600,735,2058,924,1134
1249,119000,276,7200,876,988,0,988
1250,244000,522,11160,2110,2110,0,2110
1251,171750,478,3136,1405,1405,0,1405
1252,130000,288,9858,864,874,0,874
1253,294000,518,17542,1192,2167,651,1516
1254,165400,397,6931,746,1656,896,760
1255,127500,560,6240,884,1367,408,959
1256,301500,691,14303,1986,1987,0,1987
1257,99900,0,4060,864,864,0,864
1258,190000,400,9587,856,1166,0,1166
1259,151000,460,9750,1054,1054,0,1054
1260,181000,502,24682,841,1675,783,892
1261,128900,338,9600,1050,1050,0,1050
1262,161500,304,11250,1104,1788,684,1104
1263,180500,520,13515,764,1824,764,1060
1264,181000,511,4060,1405,1337,0,1337
1265,183900,506,3735,691,1452,739,713
1266,122000,308,10120,925,1889,925,964
1267,378500,746,13214,2002,2018,0,2018
1268,381000,1014,14100,728,3447,1479,1968
1269,144000,315,11344,874,1524,650,874
1270,260000,586,23595,1332,1524,192,1332
1271,185750,462,9156,1489,1489,0,1489
1272,137000,288,13526,935,935,0,935
1273,177000,312,11512,1019,1357,0,1357
1274,139000,552,5362,661,1250,589,661
1275,137000,400,11345,928,1920,992,928
1276,162000,497,12936,723,1395,660,735
1277,197900,480,17871,1680,1724,0,1724
1278,237000,577,9473,1128,2031,903,1128
1279,68400,528,7500,698,1128,430,698
1280,227000,544,9808,1573,1573,0,1573
1281,180000,484,8049,1309,1339,0,1339
1282,150500,484,8800,1040,1040,0,1040
1283,139000,0,9400,912,1824,912,912
1284,169000,336,9638,804,2447,748,1699
1285,132500,280,6000,780,1412,587,825
1286,143000,528,9790,1328,1328,0,1328
1287,190000,390,36500,1624,1582,0,1582
1288,278000,499,5664,1501,1659,0,1659
1289,281000,753,11065,1085,1970,850,1120
1290,180500,484,14112,1152,1152,0,1152
1291,119500,264,1680,630,1302,672,630
1292,107500,432,6600,994,2372,994,1378
1293,162900,528,10140,832,1664,832,832
1294,115000,572,8172,864,864,0,864
1295,138500,288,8400,1052,1052,0,1052
1296,155000,525,8700,1120,1128,0,1128
1297,140000,525,3675,547,1072,0,1072
1298,160000,1418,63887,6110,5642,950,4692
1299,154000,305,7500,1246,1246,0,1246
1300,225000,490,10762,978,1983,978,1005
1301,177500,213,7500,771,1494,741,753
1302,290000,844,10120,1165,2526,1323,1203
1303,232000,834,8688,1616,1616,0,1616
1304,130000,380,3363,976,1708,732,976
1305,325000,840,13173,1652,1652,0,1652
1306,202500,474,6955,1368,1368,0,1368
1307,138000,480,8072,990,990,0,990
1308,147000,528,12000,924,1122,0,1122
1309,179200,496,7153,1278,1294,0,1294
1310,335000,567,17500,1902,1902,0,1902
1311,203000,508,8814,1274,1274,0,1274
1312,302000,750,9572,1453,2810,1357,1453
1313,333168,779,14774,1393,2599,1177,1422
1314,119000,280,8190,948,948,0,948
1315,206900,576,11075,952,2112,1020,1092
1316,295493,860,10226,1622,1630,0,1630
1317,208900,466,4230,1352,1352,0,1352
1318,275000,748,14781,1753,1787,0,1787
1319,111000,248,10215,864,948,0,948
1320,156500,442,8400,1478,1478,0,1478
1321,72500,287,6627,0,720,0,720
1322,190000,564,10186,750,1923,862,1061
1323,82500,0,5330,420,708,0,708
1324,147000,895,9986,1795,1795,0,1795
1325,55000,0,3636,796,796,0,796
1326,79000,0,4270,544,774,0,774
1327,130500,264,6600,816,816,0,816
1328,256000,520,10440,1510,2792,1208,1584
1329,176500,462,9084,935,1632,677,955
1330,227000,825,10000,1588,1588,0,1588
1331,132500,576,10780,911,954,0,954
1332,100000,288,8877,816,816,0,816
1333,125500,297,7200,803,1360,557,803
1334,125000,440,2368,765,1365,600,765
1335,167900,630,9650,1350,1334,0,1334
1336,135000,506,9246,1656,1656,0,1656
1337,52500,0,4118,693,693,0,693
1338,200000,492,13450,916,1861,941,920
1339,128500,288,9560,864,864,0,864
1340,123000,480,8294,858,872,0,872
1341,155000,576,13695,1114,1114,0,1114
1342,228500,647,9375,1284,2169,885,1284
1343,177000,342,7558,896,1913,741,1172
1344,155835,440,11103,728,1456,728,728
1345,108500,308,6000,960,960,0,960
1346,262500,508,20781,1568,2156,0,2156
1347,283463,712,15306,1732,1776,0,1776
1348,215000,514,16196,1482,1494,0,1494
1349,122000,0,5250,684,2358,1215,938
1350,200000,968,11643,1248,2634,1296,1338
1351,171000,490,9247,858,1716,858,858
1352,134900,624,6000,698,1176,390,786
1353,410000,666,14720,2033,3238,1185,2053
1354,235000,839,10316,992,1865,873,992
1355,170000,487,10192,570,1920,698,1222
1356,110000,264,9477,864,892,0,892
1357,149900,500,12537,1078,1078,0,1078
1358,177500,440,2117,756,1573,804,769
1359,315000,770,16737,1980,1980,0,1980
1360,189000,621,9842,612,2601,1611,990
1361,260000,430,16158,1530,1530,0,1530
1362,104900,368,12513,715,1738,457,1281
1363,156932,432,8499,616,1412,796,616
1364,144152,480,3180,600,1200,600,520
1365,216000,663,7500,814,1674,860,814
1366,193000,588,9179,873,1790,908,882
1367,127000,336,2665,757,1475,550,925
1368,144000,420,4435,848,848,0,848
1369,232000,502,10635,1657,1668,0,1668
1370,105000,338,5400,840,1374,534,840
1371,165500,377,9600,992,1661,0,1661
1372,274300,583,9750,1108,2097,989,1108
1373,466500,804,11400,2633,2633,0,2633
1374,250000,936,10625,1026,1958,932,1026
1375,239000,722,10991,1571,1571,0,1571
1376,91000,160,6292,768,790,0,790
1377,117000,660,10998,984,1604,620,984
1378,83000,264,1953,483,987,504,483
1379,167500,400,9735,384,1394,640,754
1380,58500,200,8212,864,864,0,864
1381,237500,550,12925,1205,2117,0,2117
1382,157000,576,7200,596,1762,764,998
1383,112000,576,25339,816,1416,0,1416
1384,105000,280,9060,560,1258,560,698
1385,125500,240,5436,796,1154,358,796
1386,250000,564,16692,1392,2784,1392,1392
1387,136000,216,8520,714,2526,862,1664
1388,377500,758,14892,1746,1746,0,1746
1389,131000,440,6000,735,1218,349,869
1390,235000,541,9100,1525,1525,0,1525
1391,124000,792,8944,1584,1584,0,1584
1392,123000,288,7838,864,900,0,900
1393,163000,672,10800,482,1912,691,1221
1394,246578,648,4045,1356,1500,0,1500
1395,281213,642,12665,1094,2482,1349,1133
1396,160000,572,57200,747,1687,0,1687
1397,137500,180,6120,939,1513,574,939
1398,138000,240,7200,1208,1904,768,1136
1399,137450,216,6171,976,1608,448,1160
1400,120000,208,6000,862,1158,208,950
1401,193000,398,7415,839,1593,729,864
1402,193879,662,6762,1286,1294,0,1294
1403,282922,754,15256,1485,1464,0,1464
1404,105000,936,10410,672,1214,520,694
1405,275000,482,3842,1594,1646,0,1646
1406,133000,396,8445,768,768,0,768
1407,112000,0,8780,833,833,0,833
1408,125500,528,7740,622,1363,622,741
1409,215000,542,20544,791,2093,857,1236
1410,230000,622,12420,944,1840,896,944
1411,140000,271,9600,856,1668,556,1112
1412,90000,420,7200,0,1040,0,1040
1413,257000,620,10994,1844,1844,0,1844
1414,207000,370,13053,833,1848,795,1053
1415,175900,660,3635,1386,1569,0,1569
1416,122500,560,11340,777,2290,1044,1246
1417,340000,1069,16545,1284,2450,1140,1310
1418,124000,336,9204,1144,1144,0,1144
1419,223000,540,16381,1844,1844,0,1844
1420,179900,776,11700,708,1416,708,708
1421,127500,440,4043,1069,1069,0,1069
1422,136500,420,4435,848,848,0,848
1423,274970,432,19690,697,2201,626,1575
1424,144000,484,9503,1024,1344,0,1344
1425,142000,528,10721,1252,1252,0,1252
1426,271000,525,10944,1223,2127,904,1223
1427,140000,288,10930,913,1558,510,1048
1428,119000,240,7200,788,804,0,804
1429,182900,467,12546,1440,1440,0,1440
1430,192140,372,21930,732,1838,1104,734
1431,143750,440,4928,958,958,0,958
1432,64500,216,10800,656,968,0,968
1433,186500,451,10261,936,1792,830,962
1434,160000,484,17400,1126,1126,0,1126
1435,174000,462,8400,1319,1537,0,1537
1436,120500,528,9000,864,864,0,864
1437,394617,774,12444,1932,1932,0,1932
1438,149700,923,7407,912,1236,0,1236
1439,197000,550,11584,539,1725,685,1040
1440,191000,672,11526,588,2555,748,1423
1441,149300,420,4426,848,848,0,848
1442,310000,812,11003,1017,2007,981,1026
1443,121000,192,8854,952,952,0,952
1444,179600,626,8500,1422,1422,0,1422
1445,129000,240,8400,814,913,0,913
1446,157900,312,26142,1188,1188,0,1188
1447,240000,556,10000,1220,2090,870,1220
1448,112000,384,11767,560,1346,550,796
1449,92000,0,1533,630,630,0,630
1450,136000,0,9000,896,1792,896,896
1451,287090,840,9262,1573,1578,0,1578
1452,145000,525,3675,547,1072,0,1072
1453,84500,0,17217,1140,1140,0,1140
1454,185000,400,7500,1221,1221,0,1221
1455,175000,460,7917,953,1647,694,953
1456,210000,500,13175,1542,2073,0,2073
1457,266500,252,9042,1152,2340,1152,1188
1458,142125,240,9717,1078,1078,0,1078
1459,147500,276,9937,1256,1256,0,1256
